name,email,password
Julio,julio@correo.com,123
Sarah,sarah@correo.com,123
Rene,rene@correo.com,123
Joel,joel@correo.com,123
Administrador,admin@correo.com,admin
admindiego,digo.reyes@gmail.com,diego1234
diego,diego.reyes@gmail.com,diego1234
Prueba,prueba@correo.com,123
Joe Doe,joe@gmail.com,123
